Image_Name,HEX,R,G,B
1000,#676050,103,96,80
1038,#dbd1c8,219,209,200
1051,#676155,103,97,85
1058,#657196,101,113,150
1101,#d6c1ad,214,193,173
1113,#e5ddc4,229,221,196
1170,#d4c1ad,212,193,173
1172,#dad5c2,218,213,194
12079,#41341d,65,52,29
12080,#161615,22,22,21
12081,#ece5dd,236,229,221
12082,#8d5e39,141,94,57
12157,#7f5e40,127,94,64
12159,#76491b,118,73,27
12169,#a88e78,168,142,120
12176,#d4b784,212,183,132
12228,#2a2c2a,42,44,42
12251,#eae2d8,234,226,216
12255,#8c6b52,140,107,82
12275,#3a8b91,58,139,145
12300,#ccccba,204,204,186
12321,#dcdad3,220,218,211
12335,#a88c51,168,140,81
12359,#d5d0ca,213,208,202
12376,#ded4bf,222,212,191
12400,#bbbeaa,187,190,170
12405,#7a7156,122,113,86
12437,#988b7b,152,139,123
12455,#dfd6d2,223,214,210
12479,#7c4f24,124,79,36
12484,#ddd0ca,221,208,202
12497,#2a1a10,42,26,16
12516,#9f9282,159,146,130
12555,#d5cfc1,213,207,193
1256,#efebdc,239,235,220
12570,#6d5330,109,83,48
12588,#60594d,96,89,77
12595,#c1b9aa,193,185,170
12631,#bec1c3,190,193,195
12657,#a9545c,169,84,92
12665,#cec4b6,206,196,182
12691,#383936,56,57,54
1271,#d4c3b3,212,195,179
12711,#754629,117,70,41
12737,#d1c9c0,209,201,192
12745,#6b3f1e,107,63,30
12747,#b2b290,178,178,144
12754,#70513d,112,81,61
12815,#2d8154,45,129,84
12825,#bfaf8d,191,175,141
12833,#c89a80,200,154,128
12834,#dfdfe0,223,223,224
12890,#e8e1dc,232,225,220
12912,#4c423a,76,66,58
12927,#776754,119,103,84
12928,#e7ddc4,231,221,196
12970,#ebe5e1,235,229,225
12990,#3f352c,63,53,44
13006,#c3bdc0,195,189,192
13011,#e4dbd4,228,219,212
13049,#34190e,52,25,14
13069,#a88576,168,133,118
13087,#c5af86,197,175,134
13104,#e3ddc8,227,221,200
13130,#d7d1c9,215,209,201
13148,#a0744e,160,116,78
13166,#7a6942,122,105,66
13187,#4a351e,74,53,30
13210,#ceccb9,206,204,185
13227,#ba844d,186,132,77
13240,#795f54,121,95,84
13266,#745038,116,80,56
13286,#336565,51,101,101
13308,#d1a06b,209,160,107
13321,#885a4e,136,90,78
1334,#e6dfc4,230,223,196
13342,#1a1a18,26,26,24
13365,#131312,19,19,18
13387,#cbcecc,203,206,204
13401,#7a5347,122,83,71
13422,#e4ddd1,228,221,209
13445,#af9362,175,147,98
13448,#d9d6ad,217,214,173
13480,#81574c,129,87,76
13497,#edebe7,237,235,231
13524,#c2cfc8,194,207,200
13529,#3a3594,58,53,148
13550,#c2ac92,194,172,146
13575,#e2dbce,226,219,206
1359,#d7c3ae,215,195,174
13596,#bec3b3,190,195,179
13617,#1c1c19,28,28,25
13624,#4b4737,75,71,55
13638,#d2cabf,210,202,191
13671,#b6c9df,182,201,223
13695,#2f2e1c,47,46,28
13697,#a06636,160,102,54
13732,#555345,85,83,69
13787,#d5c7bb,213,199,187
13795,#a8a081,168,160,129
13809,#bcbbb5,188,187,181
13864,#f0eae3,240,234,227
13876,#baaf98,186,175,152
13898,#b0975c,176,151,92
13952,#35313d,53,49,61
13957,#e9e4dc,233,228,220
1398,#daceaf,218,206,175
13983,#706e5a,112,110,90
14022,#e6e1de,230,225,222
14048,#7a4a23,122,74,35
14063,#c6a77e,198,167,126
1411,#cdb7a8,205,183,168
14110,#292a24,41,42,36
14137,#d2a584,210,165,132
14147,#eae9e8,234,233,232
14194,#30412e,48,65,46
14223,#4a3f32,74,63,50
14242,#bab092,186,176,146
14277,#c7cac1,199,202,193
14295,#85bcbe,133,188,190
14331,#3c352c,60,53,44
14350,#57613a,87,97,58
14382,#ada19a,173,161,154
14419,#e1ddd7,225,221,215
14433,#6a4f30,106,79,48
14459,#c7bdb4,199,189,180
14496,#14120f,20,18,15
14513,#bfc5c8,191,197,200
14538,#978e74,151,142,116
14583,#b9b4a9,185,180,169
14601,#c1ceca,193,206,202
14617,#3f3623,63,54,35
14664,#a8a590,168,165,144
14683,#e0dbd0,224,219,208
14708,#2d3b40,45,59,64
14749,#b08048,176,128,72
14753,#aea28a,174,162,138
14765,#ddb785,221,183,133
14840,#80705c,128,112,92
14852,#c1ab86,193,171,134
14860,#7e7054,126,112,84
14923,#544d3a,84,77,58
14941,#c6c6bb,198,198,187
14948,#9f9b8d,159,155,141
14995,#bbb8b0,187,184,176
150,#e9e2d0,233,226,208
15029,#ccbc90,204,188,144
15031,#e6e3dc,230,227,220
15076,#c2cbc5,194,203,197
1508,#d5c2af,213,194,175
151,#e5e5e5,229,229,229
15105,#b9bcaf,185,188,175
15118,#c3cac2,195,202,194
15162,#2a5771,42,87,113
15177,#48392b,72,57,43
152,#54768d,84,118,141
15211,#ece9e5,236,233,229
15249,#8a8573,138,133,115
15265,#45362b,69,54,43
15294,#cbcec7,203,206,199
153,#6c6d4b,108,109,75
15327,#f6e5b5,246,229,181
15341,#7a683a,122,104,58
1536,#322f3d,50,47,61
15377,#efece5,239,236,229
15407,#867159,134,113,89
15427,#bcbea8,188,190,168
15469,#5a4d27,90,77,39
15484,#5f5b3b,95,91,59
15495,#c2977a,194,151,122
15543,#a6ab8c,166,171,140
15579,#c6cccf,198,204,207
15580,#765e44,118,94,68
15630,#dfdbc9,223,219,201
15657,#4a5452,74,84,82
15667,#b09061,176,144,97
157,#171a19,23,26,25
15707,#c9ad7c,201,173,124
15745,#c0b8b2,192,184,178
15749,#9c9374,156,147,116
1577,#9791ad,151,145,173
15792,#dfddda,223,221,218
15821,#cbc7bd,203,199,189
15822,#b6a894,182,168,148
15868,#dfdad0,223,218,208
15907,#483c33,72,60,51
15914,#c8ac7b,200,172,123
15957,#1b1715,27,23,21
15997,#c9beae,201,190,174
16002,#626045,98,96,69
16042,#dfddd3,223,221,211
16080,#3b463f,59,70,63
16085,#ad9952,173,153,82
16121,#e3ddd6,227,221,214
1616,#d5c3af,213,195,175
16160,#d1aa81,209,170,129
16161,#7b7045,123,112,69
16211,#e9e0d6,233,224,214
16252,#85714b,133,113,75
16253,#b6a284,182,162,132
16287,#e0dcd3,224,220,211
163,#3c4959,60,73,89
16327,#c5b899,197,184,153
16341,#ceaf90,206,175,144
16375,#f2f0ed,242,240,237
16408,#e9ba20,233,186,32
16425,#544e3d,84,78,61
16453,#e2e0d7,226,224,215
16493,#901e26,144,30,38
16497,#1d6d75,29,109,117
165,#140705,20,7,5
16542,#dad5cd,218,213,205
16576,#151b2a,21,27,42
16593,#afb6a8,175,182,168
16624,#ecebe8,236,235,232
16656,#212121,33,33,33
16667,#7e3942,126,57,66
167,#a99168,169,145,104
16710,#e7e3de,231,227,222
16728,#ccc6bb,204,198,187
16759,#cdcbba,205,203,186
16797,#e7e3df,231,227,223
16823,#ccccbf,204,204,191
16843,#d5cfc4,213,207,196
16877,#bdb299,189,178,153
16914,#d3cfc2,211,207,194
16932,#d0d0cd,208,208,205
16964,#1e1d1a,30,29,26
16994,#432a1a,67,42,26
1700,#d8c5ad,216,197,173
17006,#dddacc,221,218,204
17047,#ddd7d3,221,215,211
17082,#362c16,54,44,22
17102,#e8e3dc,232,227,220
17138,#e4deda,228,222,218
17167,#855424,133,84,36
17195,#bbcdbf,187,205,191
17213,#e4deda,228,222,218
17250,#ded6cd,222,214,205
17273,#2e2e2e,46,46,46
17302,#e2ddd8,226,221,216
17340,#26241e,38,36,30
17359,#473b24,71,59,36
17379,#e3ddd9,227,221,217
17420,#eae4da,234,228,218
17449,#d9d2cb,217,210,203
17462,#e4deda,228,222,218
17502,#302416,48,36,22
17534,#dad0c8,218,208,200
17552,#956f4f,149,111,79
17592,#eee8e1,238,232,225
176,#0a0a0c,10,10,12
17609,#2b3360,43,51,96
17645,#e3d9ce,227,217,206
17676,#857a65,133,122,101
1768,#d1c0ab,209,192,171
17698,#1d224a,29,34,74
177,#101917,16,25,23
17729,#d0d1cf,208,209,207
17761,#cfcbbd,207,203,189
17781,#e7e3dc,231,227,220
178,#d4dbc2,212,219,194
17815,#d4ad7e,212,173,126
17852,#2c2b2f,44,43,47
17871,#1a1a1a,26,26,26
17904,#6c4c3d,108,76,61
17933,#ddd5cf,221,213,207
17958,#1b1c1c,27,28,28
17982,#080706,8,7,6
18020,#d5d7d7,213,215,215
18034,#151615,21,22,21
18071,#bdb998,189,185,152
181,#172332,23,35,50
18108,#442029,68,32,41
18131,#191a1b,25,26,27
18156,#6d3f26,109,63,38
18187,#131614,19,22,20
18209,#18191a,24,25,26
18239,#e6dfdb,230,223,219
1824,#d2bba7,210,187,167
18278,#dfe0e1,223,224,225
18293,#eae6e3,234,230,227
18319,#e8e0da,232,224,218
18348,#dbdedf,219,222,223
18382,#e9e4e2,233,228,226
18390,#111111,17,17,17
18418,#796f5b,121,111,91
18463,#ede8e5,237,232,229
1847,#595144,89,81,68
18473,#252116,37,33,22
18508,#dbdbdc,219,219,220
18550,#127b96,18,123,150
18557,#272d32,39,45,50
18595,#1b1918,27,25,24
18639,#eae4d4,234,228,212
18656,#201e17,32,30,23
18675,#ded7d3,222,215,211
18689,#b59374,181,147,116
18716,#f0e7d5,240,231,213
18733,#dbd4cf,219,212,207
1874,#4e594a,78,89,74
18756,#513323,81,51,35
18768,#bea68c,190,166,140
18794,#e3dbc9,227,219,201
18814,#c8bda9,200,189,169
18834,#0f0d0c,15,13,12
1885,#d8c5ae,216,197,174
18852,#cfc3b9,207,195,185
18872,#ebe2cd,235,226,205
18894,#bfbcaf,191,188,175
18907,#e4e0da,228,224,218
18932,#c5bbb4,197,187,180
18951,#393428,57,52,40
18973,#dfdddc,223,221,220
18990,#121212,18,18,18
190,#d0dbc7,208,219,199
19013,#bbc0c1,187,192,193
19021,#d9d2c8,217,210,200
19052,#dfdddc,223,221,220
19067,#dbd3c0,219,211,192
19092,#554c4a,85,76,74
191,#1b1112,27,17,18
19104,#d0c9c3,208,201,195
19129,#dfdddc,223,221,220
19148,#c0bdab,192,189,171
19172,#bfa997,191,169,151
19174,#e4dbd3,228,219,211
192,#d9e8da,217,232,218
19206,#e0dddd,224,221,221
19226,#191815,25,24,21
19251,#d6cfc8,214,207,200
19258,#bd9e81,189,158,129
19277,#d4dad0,212,218,208
19301,#29160c,41,22,12
19325,#e3ddd7,227,221,215
19339,#c6aa90,198,170,144
19377,#f3eee8,243,238,232
19400,#161616,22,22,22
19415,#e9e5e1,233,229,225
19428,#d3cdce,211,205,206
19455,#482d19,72,45,25
19475,#c1b19f,193,177,159
19490,#e4dbd6,228,219,214
195,#e1ebd6,225,235,214
1950,#d4c1ac,212,193,172
19507,#d6cfd3,214,207,211
19530,#664326,102,67,38
19551,#171918,23,25,24
19567,#dcdad7,220,218,215
19586,#d6c6c3,214,198,195
19607,#7f5e3f,127,94,63
19627,#e7ded5,231,222,213
19647,#e3dfd8,227,223,216
19661,#bf956a,191,149,106
19685,#0a1012,10,16,18
19720,#e0e0e0,224,224,224
19741,#d6c0af,214,192,175
19749,#121211,18,18,17
19777,#211f1d,33,31,29
19795,#101110,16,17,16
19819,#87a199,135,161,153
19823,#141516,20,21,22
19852,#e8e5df,232,229,223
19871,#140f0a,20,15,10
19897,#d6d4c2,214,212,194
19899,#d6cfdc,214,207,220
19909,#e8e5de,232,229,222
19948,#2a2928,42,41,40
19975,#d6d0c2,214,208,194
19987,#ede8e2,237,232,226
19999,#14793c,20,121,60
20017,#1a1a1a,26,26,26
20047,#ddd9cc,221,217,204
20065,#c7c7b4,199,199,180
20083,#dad1d6,218,209,214
20085,#0f100f,15,16,15
20123,#dedacd,222,218,205
20138,#ebebe8,235,235,232
2016,#d8c6b0,216,198,176
20161,#ddd8dd,221,216,221
20168,#151211,21,18,17
20200,#e5e4db,229,228,219
20217,#dfdbd4,223,219,212
20240,#1e4144,30,65,68
20248,#18191a,24,25,26
20279,#755131,117,81,49
20290,#101111,16,17,17
203,#612829,97,40,41
20327,#e0dbd3,224,219,211
20358,#181816,24,24,22
20373,#e4e1dc,228,225,220
204,#aba675,171,166,117
20412,#d0ccc4,208,204,196
20439,#e4ddd7,228,221,215
20463,#937d55,147,125,85
20500,#e0e0dc,224,224,220
20523,#2a271c,42,39,28
20547,#e5e2dc,229,226,220
20578,#46371f,70,55,31
206,#765836,118,88,54
20613,#e2dad5,226,218,213
20629,#494e3b,73,78,59
20666,#a0987d,160,152,125
20689,#bec1c7,190,193,199
207,#d1dac6,209,218,198
20723,#e4e2dc,228,226,220
20744,#929279,146,146,121
20781,#1e1f1e,30,31,30
20798,#e8e5df,232,229,223
2083,#d1beac,209,190,172
20833,#52391d,82,57,29
20857,#cecac1,206,202,193
20865,#b9997a,185,153,122
20892,#6d5c46,109,92,70
20911,#a47027,164,112,39
20936,#1b1916,27,25,22
20958,#564a38,86,74,56
20965,#916224,145,98,36
210,#b9b781,185,183,129
21011,#181718,24,23,24
21022,#c9ac90,201,172,144
21050,#816248,129,98,72
21054,#47494f,71,73,79
21089,#33271d,51,39,29
21107,#b18765,177,135,101
21129,#766152,118,97,82
21134,#6e6745,110,103,69
21169,#171615,23,22,21
21185,#cdc7c0,205,199,192
21209,#3a3129,58,49,41
21213,#969caa,150,156,170
21245,#6d4c32,109,76,50
21265,#d7cdc5,215,205,197
21289,#74695e,116,105,94
21291,#dbd1c6,219,209,198
21324,#764a29,118,74,41
21344,#c9a382,201,163,130
21368,#d4d0c6,212,208,198
21382,#e4e2db,228,226,219
21403,#453323,69,51,35
21425,#664a39,102,74,57
21446,#50554f,80,85,79
2146,#c8bda5,200,189,165
21463,#faf7f4,250,247,244
21484,#161513,22,21,19
2149,#9a9593,154,149,147
215,#5c4329,92,67,41
21506,#a1876a,161,135,106
21521,#324e68,50,78,104
21545,#635040,99,80,64
21563,#eae3da,234,227,218
21586,#a07856,160,120,86
21589,#f7eab9,247,234,185
216,#1b180e,27,24,14
21622,#cabdb2,202,189,178
21641,#cccab6,204,202,182
21667,#a7866f,167,134,111
21670,#7b6d4f,123,109,79
21681,#e9e8e4,233,232,228
21720,#11100e,17,16,14
21744,#373c52,55,60,82
21753,#b08863,176,136,99
21770,#483119,72,49,25
21777,#11100e,17,16,14
21821,#4b402a,75,64,42
21838,#b68c60,182,140,96
21851,#eee9e1,238,233,225
2186,#6e7775,110,119,117
21867,#6f3516,111,53,22
21899,#897b66,137,123,102
21924,#bc8859,188,136,89
21932,#965e29,150,94,41
21934,#e8e2dc,232,226,220
21977,#978c67,151,140,103
22004,#b7885a,183,136,90
22008,#978058,151,128,88
22012,#dcd5ce,220,213,206
22033,#827a71,130,122,113
22085,#bf9469,191,148,105
22099,#ece9e4,236,233,228
221,#121117,18,17,23
22107,#d9d4ca,217,212,202
22108,#a7865a,167,134,90
2214,#c9c1a9,201,193,169
22159,#b2845a,178,132,90
22177,#825b3a,130,91,58
22196,#3b3a3a,59,58,58
22199,#814728,129,71,40
2220,#f3e9ca,243,233,202
22242,#b78b5e,183,139,94
22243,#523d26,82,61,38
22254,#d6c9bd,214,201,189
22269,#ebe7e1,235,231,225
223,#cdbd9f,205,189,159
22322,#b58a5c,181,138,92
22325,#d9d2ca,217,210,202
22329,#dcdbdc,220,219,220
22333,#2d3023,45,48,35
22401,#413c2f,65,60,47
22406,#794418,121,68,24
22409,#b98d62,185,141,98
22410,#c9ccc6,201,204,198
22475,#837869,131,120,105
22496,#b98b59,185,139,89
225,#292420,41,36,32
22500,#897849,137,120,73
22504,#825d42,130,93,66
22554,#b28455,178,132,85
22573,#876d56,135,109,86
22575,#d3cec3,211,206,195
22609,#7a7166,122,113,102
2261,#dbdacc,219,218,204
22630,#b3895f,179,137,95
22652,#76574b,118,87,75
22666,#e4e2de,228,226,222
22690,#b88b5f,184,139,95
22715,#e3e1d4,227,225,212
22718,#706051,112,96,81
22721,#393a3a,57,58,58
22767,#ab7f4f,171,127,79
2277,#c9c0a7,201,192,167
22793,#e2dedb,226,222,219
22801,#393b3d,57,59,61
22829,#b38354,179,131,84
22849,#d2ccc6,210,204,198
22874,#815b3c,129,91,60
22880,#e5e1db,229,225,219
22898,#b38557,179,133,87
22930,#d8d5ce,216,213,206
22952,#e2dcd4,226,220,212
22973,#957753,149,119,83
22984,#837b72,131,123,114
230,#212c2d,33,44,45
2300,#e4dbbd,228,219,189
23010,#7a542f,122,84,47
23030,#857b6a,133,123,106
23050,#9c6e46,156,110,70
23069,#8b5827,139,88,39
23090,#d4cdc1,212,205,193
231,#382713,56,39,19
23115,#837d75,131,125,117
23121,#9c6d43,156,109,67
23126,#dbd4c3,219,212,195
23169,#e3dfd7,227,223,215
23193,#dfdad6,223,218,214
23201,#c2ae82,194,174,130
2322,#d6c2ad,214,194,173
23229,#e2ded4,226,222,212
23256,#5f5a52,95,90,82
23262,#d0d0bf,208,208,191
23266,#1b1c1b,27,28,27
23309,#d4d0c8,212,208,200
23336,#7a6f5e,122,111,94
23346,#ede6df,237,230,223
23366,#535c1d,83,92,29
2337,#366762,54,103,98
23379,#404141,64,65,65
234,#383228,56,50,40
23414,#665041,102,80,65
23470,#e3e1d9,227,225,217
23505,#7b795f,123,121,95
23515,#413c39,65,60,57
23561,#1b1b19,27,27,25
23584,#5b4a47,91,74,71
23603,#484138,72,65,56
2363,#d7c4ac,215,196,172
23640,#875730,135,87,48
23661,#928873,146,136,115
237,#313839,49,56,57
23702,#e3ded3,227,222,211
23708,#c6a27f,198,162,127
2371,#8a4137,138,65,55
23741,#715d4a,113,93,74
23784,#dcd6cb,220,214,203
23793,#dfded8,223,222,216
23806,#a0937b,160,147,123
23859,#e6e4dd,230,228,221
2386,#454746,69,71,70
23874,#6b5b4b,107,91,75
23918,#ded8d0,222,216,208
23931,#3a3b3d,58,59,61
23950,#45423b,69,66,59
23993,#f0ece8,240,236,232
24012,#c9c4bc,201,196,188
24057,#f1ede9,241,237,233
24072,#393b3e,57,59,62
24079,#423f3b,66,63,59
241,#1b170f,27,23,15
24123,#ede9e4,237,233,228
2413,#380a09,56,10,9
24149,#d6cec2,214,206,194
2418,#f0e3c4,240,227,196
24184,#efebe6,239,235,230
24199,#cac1af,202,193,175
24227,#847861,132,120,97
24263,#efeae6,239,234,230
24289,#b8b1a4,184,177,164
24294,#d0cac2,208,202,194
2430,#1a0a0a,26,10,10
24339,#e2e0da,226,224,218
24352,#cbc4b7,203,196,183
24354,#ddd9d4,221,217,212
2439,#cfbeaa,207,190,170
24413,#f0eeec,240,238,236
24421,#837e74,131,126,116
24469,#e4e1d8,228,225,216
2448,#441817,68,24,23
24489,#9e9179,158,145,121
245,#482115,72,33,21
24526,#e1dedf,225,222,223
24548,#e1ded6,225,222,214
24572,#cbc5bb,203,197,187
24592,#474a4f,71,74,79
2461,#3b0c0b,59,12,11
24627,#412f1e,65,47,30
24648,#e7e5e7,231,229,231
24669,#e4e2e5,228,226,229
2468,#e7dec9,231,222,201
24691,#11100f,17,16,15
24729,#e7e6eb,231,230,235
24747,#e2dfe0,226,223,224
2476,#500f10,80,15,16
24769,#cfd2d8,207,210,216
24809,#727372,114,115,114
24828,#383a3c,56,58,60
24847,#e9e6e1,233,230,225
2488,#cdbdaa,205,189,170
24887,#393e47,57,62,71
249,#141b28,20,27,40
24907,#131212,19,18,18
24946,#efeae4,239,234,228
24966,#e1dbd2,225,219,210
2498,#5b1511,91,21,17
24999,#3a2d1e,58,45,30
25011,#3b3e44,59,62,68
25056,#d7cec8,215,206,200
25082,#746253,116,98,83
251,#222b3d,34,43,61
25109,#14110e,20,17,14
25116,#e3e2e7,227,226,231
2512,#eddfc2,237,223,194
25169,#3a3f47,58,63,71
25176,#695748,105,87,72
25230,#9f9583,159,149,131
25237,#dfdbd0,223,219,208
25239,#e2e0e2,226,224,226
2528,#1f3138,31,49,56
2531,#d0cbc8,208,203,200
25310,#e4e1df,228,225,223
25318,#151310,21,19,16
25319,#e8e7eb,232,231,235
25383,#1f1f20,31,31,32
254,#3a2c2b,58,44,43
25425,#171819,23,24,25
25439,#e4e3e8,228,227,232
25467,#e4e1df,228,225,223
2547,#efe1c3,239,225,195
25491,#e3d8cb,227,216,203
25526,#e4e3e8,228,227,232
25544,#9a8e6d,154,142,109
2559,#1f3138,31,49,56
25591,#c0c1b9,192,193,185
25632,#e8e5e2,232,229,226
25655,#151514,21,21,20
25676,#e0dedc,224,222,220
25712,#dfd5c5,223,213,197
25733,#e3e1e2,227,225,226
2575,#44737c,68,115,124
25768,#2d2822,45,40,34
25776,#464749,70,71,73
25808,#dfdddf,223,221,223
2582,#d8d1c8,216,209,200
25831,#74644e,116,100,78
25859,#404244,64,66,68
25889,#766245,118,98,69
259,#e0e8db,224,232,219
25912,#493d45,73,61,69
25930,#404141,64,65,65
25972,#826d52,130,109,82
25990,#cdcac1,205,202,193
26010,#4c4944,76,73,68
26036,#7d6a44,125,106,68
26070,#343332,52,51,50
26090,#3b3022,59,48,34
2610,#decdb1,222,205,177
26116,#786040,120,96,64
26128,#45483c,69,72,60
2616,#380b08,56,11,8
26171,#36322c,54,50,44
26194,#847562,132,117,98
262,#1c2b2f,28,43,47
26214,#4a4449,74,68,73
26242,#38332d,56,51,45
2627,#d5d0c8,213,208,200
26273,#7a6a57,122,106,87
26293,#72706f,114,112,111
26317,#393530,57,53,48
2633,#7f6044,127,96,68
26353,#857058,133,112,88
26372,#5a5042,90,80,66
26400,#3a3732,58,55,50
26430,#91806c,145,128,108
2644,#f1e6cc,241,230,204
26453,#3d4144,61,65,68
26477,#433e36,67,62,54
2650,#f0e6d0,240,230,208
26514,#c2bba5,194,187,165
26538,#ae9f85,174,159,133
26567,#493e33,73,62,51
26614,#d5d0ca,213,208,202
2665,#1b1f21,27,31,33
26732,#8d816d,141,129,109
2674,#e5d4bc,229,212,188
26745,#6e5b44,110,91,68
2679,#d7cdc4,215,205,196
268,#362e24,54,46,36
26806,#625b52,98,91,82
2683,#141a35,20,26,53
26851,#988c76,152,140,118
26890,#574938,87,73,56
26966,#6a5845,106,88,69
26987,#4b463c,75,70,60
2700,#1f0b06,31,11,6
27036,#595145,89,81,69
27066,#3d3e3a,61,62,58
2707,#f2e5cf,242,229,207
27112,#786651,120,102,81
2712,#e5e6db,229,230,219
27144,#c7c0a4,199,192,164
2717,#1a2733,26,39,51
27190,#7c6b55,124,107,85
27196,#736b54,115,107,84
27269,#958268,149,130,104
27276,#aa9f8a,170,159,138
2729,#4e4943,78,73,67
27348,#a89a84,168,154,132
2735,#273e56,39,62,86
27363,#343432,52,52,50
27430,#887764,136,119,100
27449,#3e3a37,62,58,55
2746,#f1ead5,241,234,213
2750,#283542,40,53,66
27527,#7d7978,125,121,120
2755,#d2d4d6,210,212,214
276,#d9b974,217,185,116
27611,#47484c,71,72,76
27616,#958a77,149,138,119
2768,#836049,131,96,73
27682,#6e5b46,110,91,70
2771,#c6bcaf,198,188,175
27741,#7f6b54,127,107,84
27765,#ebebf0,235,235,240
278,#364046,54,64,70
27800,#7c6953,124,105,83
27842,#6d5e4a,109,94,74
2787,#3a444f,58,68,79
27873,#705f4e,112,95,78
27921,#3c3d40,60,61,64
27957,#d9d5d1,217,213,209
28011,#958978,149,137,120
2805,#8c8683,140,134,131
28058,#80755d,128,117,93
28059,#574f43,87,79,67
280754,#baab80,186,171,128
280794,#d8d8d0,216,216,208
2808,#b2a177,178,161,119
280843,#967f50,150,127,80
281,#6b544d,107,84,77
2813,#e9b108,233,177,8
28132,#827a71,130,122,113
28187,#81776e,129,119,110
28223,#d1ccc5,209,204,197
28265,#45484d,69,72,77
2831,#e7e1c7,231,225,199
28363,#645d57,100,93,87
28380,#716252,113,98,82
28420,#3b3d3d,59,61,61
2843,#d2c3af,210,195,175
28470,#84786d,132,120,109
2849,#9d4726,157,71,38
28503,#7e7563,126,117,99
2855,#e3c8a5,227,200,165
28554,#d6d1cb,214,209,203
28602,#7c6e5f,124,110,95
287,#5d5942,93,89,66
28700,#71604f,113,96,79
28704,#635b4a,99,91,74
28768,#7a7264,122,114,100
2880,#d1dfca,209,223,202
28814,#6f5e4e,111,94,78
2883,#e9cda7,233,205,167
28839,#958b7a,149,139,122
28900,#69594b,105,89,75
28906,#c9c0b1,201,192,177
2893,#ddd4ca,221,212,202
29017,#7f6f5b,127,111,91
29117,#35372f,53,55,47
29120,#6c5c4d,108,92,77
2919,#e8d2af,232,210,175
29194,#aea59f,174,165,159
292,#6d5937,109,89,55
29231,#d4cdc9,212,205,201
29247,#a8a8a6,168,168,166
2930,#453f2a,69,63,42
29300,#444549,68,69,73
29361,#4a4950,74,73,80
294,#104667,16,70,103
29432,#cbc5be,203,197,190
29451,#6c6c6b,108,108,107
2946,#9c6071,156,96,113
2949,#7b6e3e,123,110,62
29511,#464243,70,66,67
29540,#6f5f50,111,95,80
2955,#ebd3b3,235,211,179
29587,#484043,72,64,67
29634,#747675,116,118,117
29672,#867a6d,134,122,109
297,#422929,66,41,41
29704,#c7c5c0,199,197,192
297074,#8b6443,139,100,67
297144,#3f4944,63,73,68
297213,#e0d0cb,224,208,203
297285,#d3c9c7,211,201,199
297341,#272540,39,37,64
297388,#3c4093,60,64,147
297450,#794125,121,65,37
297523,#814f29,129,79,41
297596,#eadfcb,234,223,203
297668,#946748,148,103,72
297737,#261e1d,38,30,29
29775,#bfbeba,191,190,186
297807,#2f2021,47,32,33
297874,#a29f9f,162,159,159
297927,#2f2b28,47,43,40
297994,#e1d8d0,225,216,208
2980,#d0b598,208,181,152
298067,#91573e,145,87,62
298142,#efeae1,239,234,225
298214,#4a4381,74,67,129
298281,#bab1a5,186,177,165
298342,#beb6ac,190,182,172
29839,#d3cfca,211,207,202
298407,#98928a,152,146,138
298481,#d6a97f,214,169,127
2985,#040404,4,4,4
29853,#848382,132,131,130
298555,#dbc8ae,219,200,174
298628,#989591,152,149,145
298689,#542c22,84,44,34
298749,#ebe5ce,235,229,206
298816,#e8d3b9,232,211,185
298875,#393a3b,57,58,59
298946,#2c2e2e,44,46,46
299021,#534139,83,65,57
299081,#beb2a2,190,178,162
299149,#4f3931,79,57,49
299213,#ac9c83,172,156,131
29926,#cac2ae,202,194,174
299284,#724e3b,114,78,59
29968,#cac3b9,202,195,185
2997,#ddd5cc,221,213,204
29993,#514c4a,81,76,74
300,#673110,103,49,16
3004,#0b0c08,11,12,8
30047,#cec8bf,206,200,191
30105,#201d1d,32,29,29
3012,#ded3c1,222,211,193
30124,#44444c,68,68,76
30185,#40383c,64,56,60
30231,#dad5d1,218,213,209
30245,#cfc8c9,207,200,201
30309,#6c5c5a,108,92,90
3034,#d9cfc6,217,207,198
30364,#76675b,118,103,91
30388,#9a907d,154,144,125
30450,#cec9c3,206,201,195
30462,#8d806e,141,128,110
3049,#ded8ce,222,216,206
305,#442418,68,36,24
30523,#dfdcd8,223,220,216
30579,#dad7d3,218,215,211
30602,#7e6f5a,126,111,90
30639,#d8d3cc,216,211,204
30691,#8b8378,139,131,120
3071,#dad1c8,218,209,200
30721,#e1dedc,225,222,220
3076,#ded9d0,222,217,208
30772,#393e47,57,62,71
30822,#dbd8d6,219,216,214
30853,#e1dedc,225,222,220
30907,#e5e3e6,229,227,230
30926,#857c74,133,124,116
30979,#d8d3cb,216,211,203
3099,#e0d4c1,224,212,193
310,#8d7f77,141,127,119
31038,#d6d1cc,214,209,204
310665,#835623,131,86,35
310734,#8b6133,139,97,51
310808,#bda288,189,162,136
310882,#bba088,187,160,136
31091,#d2ccc4,210,204,196
310935,#b99d83,185,157,131
311009,#513f2e,81,63,46
311067,#c99c4d,201,156,77
311128,#91908f,145,144,143
311190,#2e2a28,46,42,40
311260,#a59e93,165,158,147
311310,#b9b0aa,185,176,170
31160,#d7cfc5,215,207,197
3120,#d7cec5,215,206,197
31229,#dbd5cc,219,213,204
31302,#d5cec4,213,206,196
31379,#d8d2c9,216,210,201
31459,#d9d3c9,217,211,201
31538,#4f4543,79,69,67
31615,#73574a,115,87,74
316394,#181816,24,24,22
3166,#908b86,144,139,134
31681,#d9d3c5,217,211,197
317,#192432,25,36,50
3170,#dacec4,218,206,196
3174,#7182a4,113,130,164
31748,#6c544d,108,84,77
31836,#3a3133,58,49,51
31898,#e5e1de,229,225,222
3217,#dfd8cc,223,216,204
32182,#948a75,148,138,117
32348,#716652,113,102,82
32418,#e6e2de,230,226,222
32475,#414142,65,65,66
325617,#dfdddc,223,221,220
3268,#d7d1c8,215,209,200
328,#272c19,39,44,25
3323,#dbd4cb,219,212,203
3362,#837f90,131,127,144
3385,#d9d4cc,217,212,204
3405,#dcd2c8,220,210,200
341,#503224,80,50,36
3448,#ddd5ca,221,213,202
3474,#dacfc7,218,207,199
348162,#2f2b2e,47,43,46
348285,#857765,133,119,101
348343,#cdad69,205,173,105
348408,#3a2f26,58,47,38
348527,#c1ccbd,193,204,189
348618,#dfd6c1,223,214,193
348698,#c8cdbd,200,205,189
348776,#392527,57,37,39
3499,#d5cdc5,213,205,197
351011,#592714,89,39,20
3520,#dbd0c6,219,208,198
3552,#d8d0c9,216,208,201
3569,#2e3a35,46,58,53
3576,#3f291b,63,41,27
3578,#dcd2c7,220,210,199
3583,#896347,137,99,71
3607,#dbd3c9,219,211,201
3614,#dbd2c8,219,210,200
3662,#d8d0c8,216,208,200
3665,#292b3c,41,43,60
3667,#bdad97,189,173,151
3669,#d9cfc8,217,207,200
370,#272e31,39,46,49
3711,#d8ccc5,216,204,197
3723,#ded5cc,222,213,204
3738,#474b54,71,75,84
375,#393133,57,49,51
3765,#d8d1ca,216,209,202
3782,#d9d1ca,217,209,202
3801,#342e24,52,46,36
3811,#363438,54,52,56
3816,#a69f95,166,159,149
3818,#dbd3c9,219,211,201
3827,#654a3b,101,74,59
3839,#207782,32,119,130
3843,#9599b7,149,153,183
3859,#f0e6ca,240,230,202
3886,#dbd1c9,219,209,201
3893,#292c24,41,44,36
3927,#dbcec7,219,206,199
3946,#574f45,87,79,69
3983,#d7cfcb,215,207,203
4037,#e4caa9,228,202,169
4041,#d9d1ca,217,209,202
4084,#dad3cc,218,211,204
4111,#e6c295,230,194,149
4148,#dbd1c8,219,209,200
4164,#4a443f,74,68,63
4201,#dcd3c8,220,211,200
4203036,#cac0a8,202,192,168
4203181,#cdd1c2,205,209,194
4203259,#d6cdb3,214,205,179
4203343,#b78662,183,134,98
4203418,#7f7c6f,127,124,111
4203500,#d7cdb5,215,205,181
4203573,#876f49,135,111,73
4203655,#cac1a9,202,193,169
4203742,#dad9bb,218,217,187
4203818,#e2ddca,226,221,202
4203893,#c1b692,193,182,146
4203975,#dcd9cf,220,217,207
4204060,#34393e,52,57,62
4204136,#4b7087,75,112,135
4204241,#c9cfbf,201,207,191
4204317,#c6d7e1,198,215,225
4204396,#98958b,152,149,139
4204474,#c4d6d9,196,214,217
4204567,#bc8a40,188,138,64
4204646,#d7cfc3,215,207,195
4204723,#5b5e57,91,94,87
4204798,#a79c8c,167,156,140
4204898,#dbd9c6,219,217,198
4204964,#e6dcdb,230,220,219
4205049,#4d3e34,77,62,52
4205122,#292b2c,41,43,44
4205189,#dad4bd,218,212,189
4205268,#44433c,68,67,60
4205323,#678a69,103,138,105
4205392,#524840,82,72,64
4205454,#daceb3,218,206,179
4205572,#c1b188,193,177,136
4205637,#e4dec2,228,222,194
4205713,#b6a57d,182,165,125
4205775,#d7d9c7,215,217,199
4205828,#518ca4,81,140,164
4205883,#cecfc2,206,207,194
4205982,#d7ca9a,215,202,154
4206060,#37627d,55,98,125
4206128,#2f2d27,47,45,39
4206176,#88382e,136,56,46
4206240,#4d463e,77,70,62
4206278,#c4c18f,196,193,143
4206350,#dad5c9,218,213,201
4206416,#bf855b,191,133,91
4206477,#cac4b4,202,196,180
4206530,#cdccbe,205,204,190
4206603,#518aa5,81,138,165
4206670,#d7dddd,215,221,221
4206736,#d8d2cf,216,210,207
4208704,#aaa796,170,167,150
4208809,#ba605d,186,96,93
4208879,#3d3a30,61,58,48
4208953,#c8b07d,200,176,125
4209031,#b6b19c,182,177,156
4209103,#aa9f86,170,159,134
4209206,#ce8646,206,134,70
4209276,#483d3b,72,61,59
4209353,#e2d7bd,226,215,189
4209421,#dfdfc9,223,223,201
4212578,#314e61,49,78,97
4212648,#393935,57,57,53
4212715,#ded2bb,222,210,187
4212782,#1a2b8e,26,43,142
4212863,#69655a,105,101,90
4212925,#514d50,81,77,80
4212986,#dbd3ba,219,211,186
4213062,#d2bf9a,210,191,154
4213131,#e6d9c2,230,217,194
4213198,#e1dbc0,225,219,192
4213251,#2c6c73,44,108,115
4213321,#946d43,148,109,67
4213392,#2b2a28,43,42,40
4213462,#dad7c5,218,215,197
4213529,#e1dec7,225,222,199
4213584,#42403b,66,64,59
4213651,#e5e1cb,229,225,203
4217195,#3d3830,61,56,48
4217259,#d9d6c1,217,214,193
4217328,#bfbbb3,191,187,179
4217401,#3a3f35,58,63,53
4217462,#c4baa0,196,186,160
4217536,#ddc79d,221,199,157
4217595,#253052,37,48,82
4217636,#484242,72,66,66
4217703,#4e464a,78,70,74
4217775,#b0c19b,176,193,155
4217847,#dac29c,218,194,156
4217922,#405550,64,85,80
4217990,#3a4232,58,66,50
4218060,#4f3a35,79,58,53
4218136,#d9d5ba,217,213,186
4218228,#3e3b36,62,59,54
4218309,#302f2e,48,47,46
4218389,#ded7c2,222,215,194
4218456,#dbddc8,219,221,200
4218544,#c8c8c2,200,200,194
4218619,#907b34,144,123,52
4218711,#2d3c75,45,60,117
4218789,#cebc8d,206,188,141
4218891,#563c37,86,60,55
4218980,#a38c65,163,140,101
4219049,#634353,99,67,83
4219118,#7f7d6d,127,125,109
4219196,#353634,53,54,52
4219267,#dedecc,222,222,204
4219358,#e7e9d6,231,233,214
4219439,#e0ce95,224,206,149
4219534,#c1cec7,193,206,199
4219592,#e7c832,231,200,50
4221077,#deddd0,222,221,208
4221151,#dfd9c4,223,217,196
4221246,#d8d6c4,216,214,196
4221330,#a88153,168,129,83
4221408,#d4d2c5,212,210,197
4221483,#d8d5c6,216,213,198
4221560,#e5e6d9,229,230,217
4221621,#bbb3a6,187,179,166
4221694,#d9d5c2,217,213,194
4221758,#d6d0bc,214,208,188
4221837,#1e3476,30,52,118
4221913,#dcd0b6,220,208,182
4222004,#bec5aa,190,197,170
4222070,#e6e3da,230,227,218
4222154,#94948e,148,148,142
4222224,#dcb72e,220,183,46
4222321,#2f2e42,47,46,66
4222446,#d4d3c8,212,211,200
4222510,#364042,54,64,66
4222580,#ddd7c3,221,215,195
4222722,#8b6f4a,139,111,74
4222865,#d9d4b9,217,212,185
4222950,#d9d5bc,217,213,188
4222994,#e0d8d0,224,216,208
4223025,#8c714e,140,113,78
4223073,#c1a884,193,168,132
4223104,#7c6134,124,97,52
4223150,#9f2132,159,33,50
4223185,#8f7860,143,120,96
4223228,#433c35,67,60,53
4223255,#c9ba9b,201,186,155
4223300,#ae516f,174,81,111
4223325,#3e332e,62,51,46
4223374,#544c41,84,76,65
4223406,#b62920,182,41,32
4223446,#dcd6c4,220,214,196
4223473,#3185a1,49,133,161
4223513,#3a3c38,58,60,56
4223541,#d9cba6,217,203,166
4223588,#54453a,84,69,58
4223610,#d0c3a5,208,195,165
4223656,#d8d6c7,216,214,199
4223683,#c6b38d,198,179,141
4223723,#c1c083,193,192,131
4223752,#344238,52,66,56
4223790,#458250,69,130,80
4223818,#d4bfbe,212,191,190
4223858,#2a2c2a,42,44,42
4223885,#dcd5bb,220,213,187
4223928,#cd9422,205,148,34
4223956,#dcac91,220,172,145
4224003,#d4cba9,212,203,169
4224043,#a8754d,168,117,77
4224071,#0c5bb9,12,91,185
4224118,#c7c6bd,199,198,189
4224141,#4b4c47,75,76,71
4224195,#c8cbb4,200,203,180
4224198,#8f5c51,143,92,81
4224263,#ced1c4,206,209,196
4224269,#b0311f,176,49,31
4224356,#940b3b,148,11,59
4224357,#d0c9a9,208,201,169
4224449,#44423c,68,66,60
4224450,#bfaf93,191,175,147
4224532,#dedfcf,222,223,207
4224540,#bc3b2d,188,59,45
4224616,#272a42,39,42,66
4224619,#2269a5,34,105,165
4224706,#6e6e5f,110,110,95
4224707,#cec4ac,206,196,172
4224814,#c5b895,197,184,149
4224835,#4b4b42,75,75,66
4224910,#1238bc,18,56,188
4225015,#d6d8c3,214,216,195
4225094,#e2e0d8,226,224,216
4225178,#c8b78a,200,183,138
4225273,#3d3d39,61,61,57
4225348,#d6d3b5,214,211,181
4225430,#d6d8c7,214,216,199
4225503,#93958a,147,149,138
4225564,#c8be9c,200,190,156
4225636,#c3a776,195,167,118
4225707,#504c42,80,76,66
4226431,#aba38c,171,163,140
4226510,#b8a57f,184,165,127
4226585,#324a6b,50,74,107
4226660,#c7b890,199,184,144
4226717,#b1b2ac,177,178,172
4226807,#a4915c,164,145,92
4226955,#ecdad9,236,218,217
4227095,#622f39,98,47,57
4227168,#e0d6cc,224,214,204
4227246,#cdc5be,205,197,190
4227322,#c3ae81,195,174,129
4227406,#d3d2c2,211,210,194
4227492,#53524a,83,82,74
4227561,#d1cfc0,209,207,192
4227647,#cecab7,206,202,183
4227735,#4c4e46,76,78,70
4227832,#c8c7b8,200,199,184
4227945,#a09d8b,160,157,139
4228,#ddd6ba,221,214,186
4228014,#75904a,117,144,74
4228028,#464132,70,65,50
4228105,#d0c4aa,208,196,170
4228116,#ccbd98,204,189,152
4228187,#91704c,145,112,76
4228240,#535446,83,84,70
4228276,#d0c6b9,208,198,185
4228319,#2d302a,45,48,42
4228358,#4d4642,77,70,66
4228410,#3d3b36,61,59,54
4228445,#b7a48b,183,164,139
4228500,#dcd6c4,220,214,196
4228519,#36312e,54,49,46
4228573,#dfdfcf,223,223,207
4228610,#302f29,48,47,41
4228688,#302c31,48,44,49
4228790,#cdcabb,205,202,187
4228846,#54544f,84,84,79
4228885,#686765,104,103,101
4228939,#54514d,84,81,77
4228972,#3e3b3a,62,59,58
4229002,#7e5e7f,126,94,127
4229063,#312e31,49,46,49
4229090,#bab9ab,186,185,171
4229178,#49453c,73,69,60
4229271,#dcdfd7,220,223,215
4229345,#858c89,133,140,137
4229441,#36332f,54,51,47
4229582,#23201f,35,32,31
4229647,#e2dfca,226,223,202
4229720,#909793,144,151,147
4229764,#ddd4c0,221,212,192
4229876,#3a3a36,58,58,54
4229945,#5c404c,92,64,76
4230027,#1c275b,28,39,91
4230098,#847255,132,114,85
4230171,#971342,151,19,66
4230243,#a2935a,162,147,90
4230343,#333332,51,51,50
4230416,#d4ceb3,212,206,179
4231495,#4b6489,75,100,137
4231597,#ecdad9,236,218,217
4231728,#dadad1,218,218,209
4231833,#4d493d,77,73,61
4231943,#dad9c6,218,217,198
4232029,#c9c3a7,201,195,167
4232115,#57554e,87,85,78
4232242,#ded0be,222,208,190
4232342,#dfd7d3,223,215,211
4232479,#d7cbb2,215,203,178
4232630,#4f4a45,79,74,69
4232717,#dad3c1,218,211,193
4232881,#49453c,73,69,60
4232952,#beb694,190,182,148
4233029,#cbc4ab,203,196,171
4233103,#c9c5a5,201,197,165
4233183,#cec7ad,206,199,173
4233256,#3d3d32,61,61,50
4233323,#55534e,85,83,78
4233338,#263b47,38,59,71
4233403,#e6e4d2,230,228,210
4233405,#585246,88,82,70
4233490,#465e92,70,94,146
4233491,#dad2bb,218,210,187
4233567,#d4d2c6,212,210,198
4233572,#918f7c,145,143,124
4233642,#e6dbd3,230,219,211
4233645,#c5b996,197,185,150
4233717,#534e4f,83,78,79
4233718,#d3d6bc,211,214,188
4233795,#c5bb9b,197,187,155
4233798,#4d4b44,77,75,68
4233870,#cec461,206,196,97
4233951,#d8d7c5,216,215,197
4234029,#c7b9b7,199,185,183
4234102,#9fa29a,159,162,154
4234174,#a5a9a5,165,169,165
4234329,#343434,52,52,52
4234383,#e4dfd3,228,223,211
4234466,#939a99,147,154,153
4234536,#d1d2cb,209,210,203
4234599,#3880ab,56,128,171
4234666,#bdbaaa,189,186,170
4234733,#d5d6c9,213,214,201
4234792,#bcbfb3,188,191,179
4234855,#aea78c,174,167,140
4234917,#494a44,73,74,68
4234988,#e2e5de,226,229,222
4235054,#29588b,41,88,139
4235124,#cccdc1,204,205,193
4235190,#3d3835,61,56,53
4235270,#b9b9aa,185,185,170
4235333,#cacaba,202,202,186
4235398,#803529,128,53,41
4235481,#bab79f,186,183,159
4235549,#c8c8a8,200,200,168
4235634,#d8d3b9,216,211,185
4235716,#cac296,202,194,150
4235796,#d9d8c8,217,216,200
4235871,#ddd2ba,221,210,186
4235941,#d5d2bd,213,210,189
4236010,#c2c0ac,194,192,172
4236079,#c4c0aa,196,192,170
4236148,#858665,133,134,101
4236213,#d3d0c5,211,208,197
4236258,#d7caaa,215,202,170
4236277,#ae868d,174,134,141
4236333,#dcd0b1,220,208,177
4236334,#d4cbb5,212,203,181
4236399,#ddddc7,221,221,199
4236408,#346988,52,105,136
4236470,#d9ddd2,217,221,210
4236485,#cfcdba,207,205,186
4236543,#1170ae,17,112,174
4236552,#943942,148,57,66
4236609,#d7d7cc,215,215,204
4236630,#e2e0ce,226,224,206
4236682,#cfccbe,207,204,190
4236734,#426047,66,96,71
4236738,#a49d90,164,157,144
4236802,#254272,37,66,114
4236803,#e3e5d4,227,229,212
4236870,#d2c4a3,210,196,163
4236871,#d6d8c9,214,216,201
4236945,#c7c7bc,199,199,188
4237017,#afaf87,175,175,135
4237097,#c3c1a6,195,193,166
4237165,#cecab5,206,202,181
4237233,#c8c8af,200,200,175
4237298,#e4e6d9,228,230,217
4237379,#d7d4c4,215,212,196
4237440,#c6c7be,198,199,190
4237492,#d2d3c6,210,211,198
4237561,#ddddd3,221,221,211
4237562,#c5cdbe,197,205,190
4237633,#d1d4c7,209,212,199
4237637,#dcd8cc,220,216,204
4237705,#e3dfcf,227,223,207
4237710,#d6d4ca,214,212,202
4237777,#32535e,50,83,94
4237781,#e0ded4,224,222,212
4237881,#846e57,132,110,87
4237957,#d9d3c7,217,211,199
4238021,#c8b597,200,181,151
4238100,#d4c8bb,212,200,187
4238184,#599d6e,89,157,110
4238296,#c3c6c1,195,198,193
4238371,#d7d0be,215,208,190
4238439,#d5c6a7,213,198,167
4238524,#d2cbb5,210,203,181
4238602,#3c3931,60,57,49
4238678,#a38759,163,135,89
4238752,#d7d4c8,215,212,200
4238813,#525045,82,80,69
4238888,#8f5f42,143,95,66
4238967,#dcd6c1,220,214,193
4239044,#544b44,84,75,68
4239122,#d9d7c5,217,215,197
4239190,#35606d,53,96,109
4239271,#3f3b38,63,59,56
4239344,#d5cdb0,213,205,176
4239418,#746c75,116,108,117
4239489,#7f5e38,127,94,56
4239563,#d0cdbc,208,205,188
4239638,#d1cfb7,209,207,183
4239713,#77ac7f,119,172,127
4239790,#ae916a,174,145,106
4239862,#618292,97,130,146
4239929,#cda648,205,166,72
4240008,#d0c0a1,208,192,161
4240084,#d9d7ca,217,215,202
4240159,#c2c2b5,194,194,181
4240224,#d5d1be,213,209,190
4240302,#999b9b,153,155,155
4240402,#949842,148,152,66
4240470,#c6c3b6,198,195,182
4240540,#dad5c5,218,213,197
4240610,#d3d0bf,211,208,191
4240697,#dacbac,218,203,172
4240719,#d1ccc8,209,204,200
4240768,#d6ccb9,214,204,185
4240786,#235c8d,35,92,141
4240826,#ddd4bd,221,212,189
4240856,#447276,68,114,118
4240903,#ddd4c6,221,212,198
4240936,#d3c4b3,211,196,179
4240977,#3f423c,63,66,60
4241014,#e1d8ce,225,216,206
4241043,#484950,72,73,80
4241093,#766344,118,99,68
4241116,#dcd0cc,220,208,204
4241165,#c2c0ac,194,192,172
4241193,#b0c5a9,176,197,169
4241239,#315773,49,87,115
4241272,#cabca4,202,188,164
4241312,#beb286,190,178,134
4241386,#544e43,84,78,67
4241452,#dbd1b3,219,209,179
4241529,#bdb599,189,181,153
4241582,#cec5a6,206,197,166
4241657,#cbc0a1,203,192,161
4241713,#d9ceae,217,206,174
4241776,#dcd3c1,220,211,193
4241856,#cdb184,205,177,132
4241912,#95764b,149,118,75
4241983,#ddd7be,221,215,190
4242067,#d4ccb1,212,204,177
4242130,#292722,41,39,34
4242209,#2b3333,43,51,51
4242301,#c7bca6,199,188,166
4242360,#dbcda6,219,205,166
4242460,#d8ba87,216,186,135
4242536,#594f38,89,79,56
4242598,#d7ceb1,215,206,177
4242670,#a29982,162,153,130
4242806,#dcd3ab,220,211,171
4242862,#18336d,24,51,109
4242925,#303026,48,48,38
4243008,#d3c7ae,211,199,174
4243070,#d2c8ab,210,200,171
4243135,#444133,68,65,51
4243238,#cac5a3,202,197,163
4243298,#cfc8a9,207,200,169
4243367,#e3d8b6,227,216,182
4243405,#685327,104,83,39
4243479,#cdbda1,205,189,161
4243531,#d6c7b5,214,199,181
4243580,#910e7d,145,14,125
4243634,#d6c8ac,214,200,172
4243757,#514c3b,81,76,59
4243820,#ddcbab,221,203,171
4243890,#d5d2b0,213,210,176
4243928,#dad3b8,218,211,184
4243994,#b34031,179,64,49
4244047,#433f33,67,63,51
4246747,#4c473a,76,71,58
4246821,#dcae5d,220,174,93
4246885,#5f4e35,95,78,53
4246970,#d7d5c4,215,213,196
4247042,#273d4c,39,61,76
4247099,#dcdad2,220,218,210
4247151,#d5ccc4,213,204,196
4247225,#d5dbc9,213,219,201
4247280,#c2bdac,194,189,172
4247354,#cbcbbf,203,203,191
4247402,#3d3c3d,61,60,61
4247456,#cdcec6,205,206,198
4247532,#dcd0ae,220,208,174
4247600,#302d30,48,45,48
4247670,#d5d2bd,213,210,189
4247734,#e3b763,227,183,99
4247798,#45433f,69,67,63
4247860,#ae9e71,174,158,113
4247922,#363734,54,55,52
4247987,#585850,88,88,80
4248,#d7d0ca,215,208,202
4248065,#d5cfb6,213,207,182
4248111,#4d4c43,77,76,67
4248176,#606157,96,97,87
4248238,#cbc7ae,203,199,174
4248300,#7f796e,127,121,110
4248353,#ced0c9,206,208,201
4248398,#d6a93b,214,169,59
4248401,#d8d5c8,216,213,200
4248490,#403b33,64,59,51
4248516,#4b4b44,75,75,68
4248557,#d9d3b5,217,211,181
4248584,#272727,39,39,39
4248633,#e3e0c5,227,224,197
4248653,#a5b0a2,165,176,162
4248701,#c6ab9c,198,171,156
4248720,#d4d0b9,212,208,185
4248767,#caa760,202,167,96
4248788,#4c4941,76,73,65
4248822,#d1d2c5,209,210,197
4248858,#cdc2a0,205,194,160
4248889,#cec9a9,206,201,169
4248937,#44423d,68,66,61
4248955,#dedac2,222,218,194
4248991,#cbc3a4,203,195,164
4249025,#4c4840,76,72,64
4249079,#d1c39c,209,195,156
4249083,#d6caa7,214,202,167
4249124,#ddd8ba,221,216,186
4249177,#2988ae,41,136,174
4249190,#e0dabd,224,218,189
4249224,#cdcaaa,205,202,170
4249247,#c8c9ba,200,201,186
4249294,#313f45,49,63,69
4249311,#cfc8ab,207,200,171
4249361,#584554,88,69,84
4249379,#4d4c45,77,76,69
4249449,#e6e5cf,230,229,207
4249478,#4e493f,78,73,63
4249496,#d1c77b,209,199,123
4249576,#868269,134,130,105
4249594,#e4e5d7,228,229,215
4249627,#d4cfad,212,207,173
4249646,#3e3f3a,62,63,58
4249693,#829d90,130,157,144
4249713,#bec1af,190,193,175
4249747,#a4a08b,164,160,139
4249815,#595249,89,82,73
4249865,#c4c1af,196,193,175
4249878,#d7d2c8,215,210,200
4249948,#4d4535,77,69,53
4249995,#dadbc9,218,219,201
4250026,#946d58,148,109,88
4250062,#44413b,68,65,59
4250096,#dddcd1,221,220,209
4250159,#d6c39f,214,195,159
4250228,#d2c07e,210,192,126
4250302,#474120,71,65,32
4250371,#c0ba9f,192,186,159
4250434,#dfdbc0,223,219,192
4250562,#363731,54,55,49
4250622,#947a55,148,122,85
4250670,#c3b38d,195,179,141
4250792,#524f43,82,79,67
4250878,#d5ccac,213,204,172
4250938,#3a3a35,58,58,53
4250996,#cbc7b3,203,199,179
4251056,#c4a6a2,196,166,162
4251117,#d7d1be,215,209,190
4251176,#403f37,64,63,55
4251280,#c1bca2,193,188,162
4251354,#cea483,206,164,131
4251373,#d8dccf,216,220,207
4251418,#c9bd99,201,189,153
4251439,#d9d7c5,217,215,197
4251513,#d7d0a7,215,208,167
4251547,#4b4840,75,72,64
4251595,#cca557,204,165,87
4251621,#98c6c5,152,198,197
4251663,#e5dfcc,229,223,204
4251685,#b4a27e,180,162,126
4251746,#ad9f85,173,159,133
4251749,#5f6f56,95,111,86
4251810,#c3d3be,195,211,190
4251812,#817f77,129,127,119
4251883,#d5d3c5,213,211,197
4251890,#d5d4c4,213,212,196
4251959,#504f47,80,79,71
4251985,#c9c1a6,201,193,166
4252017,#dad8bf,218,216,191
4252050,#44312b,68,49,43
4252077,#d1d9d2,209,217,210
4252109,#807264,128,114,100
4252141,#4d483d,77,72,61
4252176,#d7bfb5,215,191,181
4252207,#2a2927,42,41,39
4252244,#d0d5c8,208,213,200
4252276,#4a473e,74,71,62
4252309,#dad7bf,218,215,191
4252334,#49463e,73,70,62
4252366,#d3d1be,211,209,190
4252399,#dfdabd,223,218,189
4252433,#706c63,112,108,99
4252463,#ded5bc,222,213,188
4252496,#b1ad9f,177,173,159
4252527,#c9c3b0,201,195,176
4252565,#aa5445,170,84,69
4252593,#d9c7b0,217,199,176
4252629,#a4927a,164,146,122
4252661,#c3b985,195,185,133
4252694,#353b36,53,59,54
4252726,#8a8c83,138,140,131
4252750,#323432,50,52,50
4252789,#c9c5a7,201,197,167
4252815,#dad2bc,218,210,188
4252853,#d2d1bb,210,209,187
4252879,#c3bfb4,195,191,180
4252912,#d1d1bd,209,209,189
4252958,#847d64,132,125,100
4252971,#d6d6c1,214,214,193
4252978,#997d5c,153,125,92
4253025,#d8b029,216,176,41
4253040,#474541,71,69,65
4253041,#d7d2b6,215,210,182
4253092,#927851,146,120,81
4253112,#3a3838,58,56,56
4253114,#37312f,55,49,47
4253158,#8d744e,141,116,78
4253186,#d9cfb0,217,207,176
4253190,#d6c6b3,214,198,179
4253226,#d2c49a,210,196,154
4253260,#d0b99d,208,185,157
4253261,#dad4b6,218,212,182
4253297,#2c2724,44,39,36
4253330,#d0cdc5,208,205,197
4253332,#c3b38e,195,179,142
4253365,#cdbba5,205,187,165
4253399,#d6ccaa,214,204,170
4253404,#a39b90,163,155,144
4253434,#d1c6ae,209,198,174
4253465,#dad6bd,218,214,189
4253504,#d8d5cb,216,213,203
4253508,#e1dcc3,225,220,195
4253510,#d9ceb8,217,206,184
4253571,#dcd3c7,220,211,199
4253572,#3a3935,58,57,53
4253606,#d9b5ae,217,181,174
4253641,#d2cfb6,210,207,182
4253642,#c6b795,198,183,149
4253676,#65413f,101,65,63
4253709,#bdb1a8,189,177,168
4253711,#d7d8c8,215,216,200
4253744,#b8b5b1,184,181,177
4253779,#b19281,177,146,129
4253783,#2e5878,46,88,120
4253803,#d8d2bf,216,210,191
4253850,#9eb1b3,158,177,179
4253852,#aa9b83,170,155,131
4253869,#474132,71,65,50
4253916,#d3d0bd,211,208,189
4253937,#9db156,157,177,86
4253939,#3f4a3b,63,74,59
4253983,#cec981,206,201,129
4254007,#602e3f,96,46,63
4254010,#3e3f39,62,63,57
4254052,#dcc746,220,199,70
4254070,#d6d0b5,214,208,181
4254109,#49463e,73,70,62
4254111,#d1caae,209,202,174
4254113,#cfcaab,207,202,171
4254181,#d8bf2e,216,191,46
4254187,#cdc3a2,205,195,162
4254188,#c5bd9c,197,189,156
4254221,#727060,114,112,96
4254249,#c6c6b3,198,198,179
4254259,#d8c471,216,196,113
4254281,#dcd9c1,220,217,193
4254282,#bfbda7,191,189,167
4254319,#343431,52,52,49
4254340,#ded1af,222,209,175
4254357,#221c20,34,28,32
4254360,#6b7ea8,107,126,168
4254391,#bcb9a7,188,185,167
4254409,#cfc5a1,207,197,161
4254432,#dddac9,221,218,201
4254436,#af9475,175,148,117
4254465,#d1b480,209,180,128
4254483,#d0c099,208,192,153
4254504,#e0dece,224,222,206
4254509,#e3d9c1,227,217,193
4254541,#dcccab,220,204,171
4254551,#3f3b2e,63,59,46
4254578,#474348,71,67,72
4254580,#433f2e,67,63,46
4254615,#d5c39b,213,195,155
4254616,#a33732,163,55,50
4254650,#4a5448,74,84,72
4254674,#7e6642,126,102,66
4254681,#dcd2b4,220,210,180
4254682,#e8e0c9,232,224,201
4254706,#d3c7a0,211,199,160
4254742,#cfc6aa,207,198,170
4254763,#2d2f36,45,47,54
4254772,#cabfa6,202,191,166
4254800,#8f838a,143,131,138
4254802,#939488,147,148,136
4254837,#806459,128,100,89
4254838,#e7e6cf,231,230,207
4254873,#9d3142,157,49,66
4254876,#9b1b2e,155,27,46
4254911,#dfdfc9,223,223,201
4254923,#8d7156,141,113,86
4254948,#cabbb4,202,187,180
4254950,#45473d,69,71,61
4254985,#d6d9c8,214,217,200
4254998,#b84d4a,184,77,74
4255022,#363332,54,51,50
4255024,#52504a,82,80,74
4255058,#352e31,53,46,49
4255059,#6a6b5c,106,107,92
4255095,#5b534d,91,83,77
4255097,#947d5c,148,125,92
4255131,#cdcaba,205,202,186
4255133,#d2ccbb,210,204,187
4255168,#cbbbaf,203,187,175
4255170,#76746a,118,116,106
4255205,#bebdad,190,189,173
4255207,#dddcd2,221,220,210
4255238,#b6b5af,182,181,175
4255262,#474341,71,67,65
4255268,#4c4942,76,73,66
4255272,#b59d7e,181,157,126
4255311,#e1e3d7,225,227,215
4255332,#8f9fb1,143,159,177
4255354,#b95048,185,80,72
4255355,#483d38,72,61,56
4255358,#46332d,70,51,45
4255403,#3c2760,60,39,96
4255424,#e3e5da,227,229,218
4255441,#dacfb8,218,207,184
4255443,#d4cab3,212,202,179
4255475,#d4ceba,212,206,186
4255499,#4c4941,76,73,65
4255512,#e0ddcf,224,221,207
4255517,#e1d4bd,225,212,189
4255547,#343134,52,49,52
4255569,#cccab8,204,202,184
4255576,#c9c8b9,201,200,185
4255605,#44403e,68,64,62
4255620,#cdc1a7,205,193,167
4255641,#d7d1b6,215,209,182
4255642,#ab5539,171,85,57
4255676,#302d2f,48,45,47
4255715,#3b4d60,59,77,96
4255716,#654633,101,70,51
4255749,#85564a,133,86,74
4255769,#c7bba0,199,187,160
4255782,#d4c4b4,212,196,180
4255802,#bda756,189,167,86
4255826,#6291b2,98,145,178
4255830,#c3b294,195,178,148
4255854,#b59863,181,152,99
4255874,#ddd8d3,221,216,211
4255896,#cacbbd,202,203,189
4255908,#c5b697,197,182,151
4255929,#444043,68,64,67
4255954,#d1c4a6,209,196,166
4255955,#d8d8c3,216,216,195
4255961,#dfd8c3,223,216,195
4256003,#d4ccb1,212,204,177
4256023,#c1d2be,193,210,190
4256040,#d7b315,215,179,21
4256057,#dbd8bf,219,216,191
4256080,#c5a8ac,197,168,172
4256085,#3e3935,62,57,53
4256106,#cdc1a3,205,193,163
4256130,#e2dcbf,226,220,191
4256154,#d3ccae,211,204,174
4256155,#aa9269,170,146,105
4256160,#3c465d,60,70,93
4256202,#b58059,181,128,89
4256226,#76736e,118,115,110
4256236,#d8daca,216,218,202
4256237,#cec5ad,206,197,173
4256259,#d3c5a5,211,197,165
4256295,#cfcfbe,207,207,190
4256319,#454038,69,64,56
4256322,#d3c6a4,211,198,164
4256323,#443a2e,68,58,46
4256368,#ccc5ac,204,197,172
4256389,#8a6f5c,138,111,92
4256390,#ceb894,206,184,148
4256425,#cbc9b5,203,201,181
4256426,#4d4941,77,73,65
4256462,#dab746,218,183,70
4256463,#2a2927,42,41,39
4256504,#4b6876,75,104,118
4256510,#d3c297,211,194,151
4256511,#dacfa4,218,207,164
4256512,#dcd7bd,220,215,189
4256574,#dad3c1,218,211,193
4256577,#c9cabc,201,202,188
4256578,#c0c09d,192,192,157
4256625,#5f8faf,95,143,175
4256646,#e0caaa,224,202,170
4256662,#ded6b0,222,214,176
4256664,#cdc3a2,205,195,162
4256666,#eccf4e,236,207,78
4256719,#373530,55,53,48
4256741,#473e2c,71,62,44
4256742,#afb0a1,175,176,161
4256743,#dad9c9,218,217,201
4256790,#48433f,72,67,63
4256814,#504a42,80,74,66
4256827,#ceb33d,206,179,61
4256836,#2e5474,46,84,116
4256873,#be1baf,190,27,175
4256874,#d0d2bd,208,210,189
4256882,#3b3930,59,57,48
4256893,#d6c79e,214,199,158
4256944,#cbc7ad,203,199,173
4256945,#2e2e32,46,46,50
4256950,#9b8857,155,136,87
4256993,#d6c598,214,197,152
4257017,#4f6978,79,105,120
4257018,#c5c3b1,197,195,177
4257019,#5a6c4e,90,108,78
4257065,#dccbb5,220,203,181
4257086,#d3caac,211,202,172
4257087,#a6372f,166,55,47
4257122,#d9d8c5,217,216,197
4257127,#c4c5c0,196,197,192
4257158,#cecbb3,206,203,179
4257163,#356975,53,105,117
4257194,#d5d0c6,213,208,198
4257198,#d6c2b6,214,194,182
4257231,#d8d7c7,216,215,199
4257232,#a58e5a,165,142,90
4257264,#2c3033,44,48,51
4257283,#d6d6c3,214,214,195
4257303,#7e384a,126,56,74
4257304,#b88558,184,133,88
4257336,#bb523b,187,82,59
4257353,#c8c9b7,200,201,183
4257375,#c7b083,199,176,131
4257377,#cbcabb,203,202,187
4257408,#415583,65,85,131
4257425,#d8d4bb,216,212,187
4257446,#bcad89,188,173,137
4257451,#d0b796,208,183,150
4257481,#4c3f3c,76,63,60
4257498,#dddecc,221,222,204
4257521,#d8c796,216,199,150
4257522,#68675b,104,103,91
4257555,#30282a,48,40,42
4257573,#d7d8c1,215,216,193
4257598,#cfd1c9,207,209,201
4257603,#cebc8c,206,188,140
4257617,#887558,136,117,88
4257618,#3a3b36,58,59,54
4257667,#dbd6c3,219,214,195
4257688,#3a3527,58,53,39
4257689,#4a4a42,74,74,66
4257690,#5b4d43,91,77,67
4257737,#c5c9c0,197,201,192
4257758,#444139,68,65,57
4257766,#474a46,71,74,70
4257794,#d7c518,215,197,24
4257809,#d5cdb2,213,205,178
4257830,#d9d5bd,217,213,189
4257831,#ca9726,202,151,38
4257867,#846851,132,104,81
4257873,#cccbbc,204,203,188
4257904,#3b3631,59,54,49
4257917,#d8dbcd,216,219,205
4257940,#31312b,49,49,43
4257942,#dedcc8,222,220,200
4257976,#48463f,72,70,63
4257989,#252729,37,39,41
4258013,#57574e,87,87,78
4258014,#dacdac,218,205,172
4258049,#4b4841,75,72,65
4258050,#435069,67,80,105
4258085,#b09074,176,144,116
4258086,#5d5c50,93,92,80
4258122,#43403b,67,64,59
4258123,#dfe0cf,223,224,207
4258155,#453f31,69,63,49
4258176,#494841,73,72,65
4258180,#c6c4b3,198,196,179
4258212,#4f463c,79,70,60
4258213,#d8d99c,216,217,156
4258251,#615846,97,88,70
4258254,#d7d6bc,215,214,188
4258275,#ddcebe,221,206,190
4258276,#46483f,70,72,63
4258319,#e5e1ca,229,225,202
4258343,#bdb48a,189,180,138
4258351,#454a40,69,74,64
4258358,#767664,118,118,100
4258392,#e3cc42,227,204,66
4258414,#d99d3d,217,157,61
4258432,#d9c3b1,217,195,177
4258433,#d9d8c4,217,216,196
4258463,#946142,148,97,66
4258485,#ba9e8e,186,158,142
4258504,#bbb97a,187,185,122
4258524,#cac4a5,202,196,165
4258525,#888277,136,130,119
4258556,#cbc78d,203,199,141
4258574,#bc9f1b,188,159,27
4258598,#e4dac9,228,218,201
4258626,#696a4b,105,106,75
4258648,#e7ead7,231,234,215
4258651,#3f362a,63,54,42
4258682,#84887d,132,136,125
4258706,#4c483f,76,72,63
4258712,#1a75be,26,117,190
4258713,#cac5ab,202,197,171
4258755,#cac3a7,202,195,167
4258777,#474642,71,70,66
4258793,#cac3ac,202,195,172
4258796,#e5baca,229,186,202
4258828,#4e4d45,78,77,69
4258846,#c7dbdf,199,219,223
4258865,#bcc5b8,188,197,184
4258890,#d9d6c6,217,214,198
4258891,#3f3b38,63,59,56
4258892,#dbc0b8,219,192,184
4258940,#d2cdaf,210,205,175
4258967,#d5d7cc,213,215,204
4258968,#413a3a,65,58,58
4258969,#c8deed,200,222,237
4258995,#a3877d,163,135,125
4259041,#d9cac0,217,202,192
4259045,#d2d1c4,210,209,196
4259047,#e6e7d9,230,231,217
4259048,#665c44,102,92,68
4259111,#babab4,186,186,180
4259116,#e1b97c,225,185,124
4259141,#5c679a,92,103,154
4259148,#897435,137,116,53
4259187,#d8cab4,216,202,180
4259188,#4c483e,76,72,62
4259202,#d7dbd1,215,219,209
4259205,#dddbc7,221,219,199
4259260,#ceb8a2,206,184,162
4259261,#393833,57,56,51
4259272,#dedfd0,222,223,208
4259326,#877457,135,116,87
4259347,#cabda5,202,189,165
4259348,#d0c2bd,208,194,189
4259349,#9b9385,155,147,133
4259396,#d6d7c6,214,215,198
4259421,#d6d8cf,214,216,207
4259426,#afab93,175,171,147
4259431,#d7c4b9,215,196,185
4259469,#dfe1d7,223,225,215
4259493,#50443a,80,68,58
4259497,#c7bfa4,199,191,164
4259498,#d6c1a1,214,193,161
4259542,#545049,84,80,73
4259561,#cbb97f,203,185,127
4259582,#e3dcc5,227,220,197
4259585,#cbc6c6,203,198,198
4259624,#d2d0bf,210,208,191
4259625,#bdb3a0,189,179,160
4259636,#bbbbb1,187,187,177
4259637,#d5c7ba,213,199,186
4259690,#d5d1c3,213,209,195
4259706,#d9dacb,217,218,203
4259729,#cfcaac,207,202,172
4259730,#d2bfbb,210,191,187
4259762,#dbd5c7,219,213,199
4259780,#d7d7c9,215,215,201
4259806,#3d3535,61,53,53
4259836,#c1ac88,193,172,136
4259853,#5a5670,90,86,112
4259872,#dbd1b4,219,209,180
4259888,#298ab6,41,138,182
4259907,#d7ae57,215,174,87
4259930,#c9c3ac,201,195,172
4259939,#dbd2b3,219,210,179
4259942,#e8e1d0,232,225,208
4259978,#51504b,81,80,75
4259996,#393933,57,57,51
4260021,#524f48,82,79,72
4260023,#cdc3aa,205,195,170
4260031,#cbc6b7,203,198,183
4260070,#dad2bf,218,210,191
4260094,#dfddd6,223,221,214
4260095,#d6d2b8,214,210,184
4260096,#d2cbb5,210,203,181
4260144,#d9d7c4,217,215,196
4260169,#4f4b45,79,75,69
4260173,#d3c9b2,211,201,178
4260176,#dacfaf,218,207,175
4260217,#c8bc95,200,188,149
4260241,#46636c,70,99,108
4260243,#e4ddc7,228,221,199
4260248,#989a8d,152,154,141
4260286,#a4afaf,164,175,175
4260310,#c39570,195,149,112
4260334,#d2d5c4,210,213,196
4260336,#d4c4b4,212,196,180
4260338,#d8d1bd,216,209,189
4260384,#e1d7be,225,215,190
4260408,#6d6b67,109,107,103
4260409,#d5c6ab,213,198,171
4260410,#d6d1b6,214,209,182
4260458,#dccd81,220,205,129
4260480,#d6d4c3,214,212,195
4260483,#ddd8c8,221,216,200
4260512,#d3d4c1,211,212,193
4260531,#dbd7c1,219,215,193
4260555,#dbccac,219,204,172
4260556,#d3d2cb,211,210,203
4260573,#c1c5b7,193,197,183
4260604,#8b7332,139,115,50
4260625,#45413a,69,65,58
4260631,#d5d1b7,213,209,183
4260662,#6e5d51,110,93,81
4260663,#d5c7a5,213,199,165
4260698,#cec5b0,206,197,176
4260699,#323337,50,51,55
4260734,#caa245,202,162,69
4260736,#daddc9,218,221,201
4260771,#dacfa4,218,207,164
4260776,#0f5285,15,82,133
4260807,#3d392c,61,57,44
4260812,#d3d8ce,211,216,206
4260844,#d9ddd5,217,221,213
4260847,#d1d3c5,209,211,197
4260880,#c8ba99,200,186,153
4260891,#907958,144,121,88
4260918,#9fb5b8,159,181,184
4260953,#d2c8a5,210,200,165
4260956,#d1d0b0,209,208,176
4260988,#d9d4b9,217,212,185
4260996,#c7c3b0,199,195,176
4261024,#c6bd9f,198,189,159
4261026,#4693be,70,147,190
4261060,#d6d1b4,214,209,180
4261061,#cdc0a6,205,192,166
4261096,#daccad,218,204,173
4261111,#d9d9c2,217,217,194
4261132,#d1d1c1,209,209,193
4261133,#b9c1b3,185,193,179
4261165,#83714b,131,113,75
4261189,#d1cfbb,209,207,187
4261216,#bdbaa8,189,186,168
4261218,#dad1be,218,209,190
4261258,#ced0b8,206,208,184
4261266,#8a775e,138,119,94
4261292,#ae8e35,174,142,53
4261293,#d9d9be,217,217,190
4261329,#d7d6c8,215,214,200
4261345,#d4d2cd,212,210,205
4261366,#d9dace,217,218,206
4261369,#6e634d,110,99,77
4261400,#538098,83,128,152
4261417,#d3d2c7,211,210,199
4261438,#1a82c4,26,130,196
4261440,#3c3d33,60,61,51
4261474,#8a7458,138,116,88
4261475,#d8d8c8,216,216,200
4261510,#cac6b7,202,198,183
4261511,#ab4528,171,69,40
4261546,#bb4f44,187,79,68
4261547,#e1decf,225,222,207
4261582,#dedbb9,222,219,185
4261590,#dbd5bb,219,213,187
4261618,#b19865,177,152,101
4261655,#d7d4b6,215,212,182
4261656,#d7d4bd,215,212,189
4261690,#7e6a4e,126,106,78
4261702,#43728c,67,114,140
4261726,#d1cab3,209,202,179
4261730,#d5b658,213,182,88
4261762,#d7d8d3,215,216,211
4261763,#c1c7ac,193,199,172
4261799,#c5c3b6,197,195,182
4261812,#cdbb99,205,187,153
4261835,#e2ded3,226,222,211
4261844,#dadaca,218,218,202
4261869,#d7d1c1,215,209,193
4261886,#d6d7c4,214,215,196
4261908,#c6bd97,198,189,151
4261911,#d1c6ae,209,198,174
4261941,#dad0ca,218,208,202
4261958,#d19459,209,148,89
4261979,#abb29a,171,178,154
4261983,#dbd8c3,219,216,195
4262013,#427b9e,66,123,158
4262030,#ccc9b3,204,201,179
4262052,#cfcfca,207,207,202
4262055,#d1caaa,209,202,170
4262087,#1886be,24,134,190
4262102,#d0cab1,208,202,177
4262123,#183d60,24,61,96
4262124,#d8d1ae,216,209,174
4262159,#b8a274,184,162,116
4262160,#3f5772,63,87,114
4262195,#e0dfd2,224,223,210
4262196,#c7c3ad,199,195,173
4262231,#bfb9b5,191,185,181
4262232,#c0c0b2,192,192,178
4262267,#bac6c3,186,198,195
4262268,#c0ceaf,192,206,175
4262303,#e0e0d1,224,224,209
4262306,#a6997b,166,153,123
4262339,#dbdac9,219,218,201
4262342,#6d563b,109,86,59
4262375,#c8cab7,200,202,183
4262376,#d2ccb3,210,204,179
4262411,#56805a,86,128,90
4262412,#dcdbcc,220,219,204
4262447,#cdd0cb,205,208,203
4262448,#5f7a97,95,122,151
4262483,#3f4039,63,64,57
4262485,#e1cdad,225,205,173
4262520,#d0d0c3,208,208,195
4262521,#b8c4c6,184,196,198
4262556,#ccc883,204,200,131
4262559,#dac9c2,218,201,194
4262592,#444442,68,68,66
4262593,#d3ccb6,211,204,182
4262629,#d8d5be,216,213,190
4262631,#c0beb2,192,190,178
4262665,#d9d6ce,217,214,206
4262666,#8f9b8e,143,155,142
4262701,#dad4c7,218,212,199
4262702,#d4d8ce,212,216,206
4262737,#cbc7bd,203,199,189
4262742,#d4bf86,212,191,134
4262773,#3b413b,59,65,59
4262774,#d1c0a4,209,192,164
4262825,#2d3338,45,51,56
4262838,#2b2b2b,43,43,43
4262862,#444138,68,65,56
4262867,#e2e0d9,226,224,217
4262897,#e4e3d3,228,227,211
4262914,#d6cdba,214,205,186
4262935,#cfd0bf,207,208,191
4262938,#f2be13,242,190,19
4262972,#d1d193,209,209,147
4262973,#333231,51,50,49
4263008,#b8a16f,184,161,111
4263013,#57554a,87,85,74
4263044,#d1bfc8,209,191,200
4263045,#c4b398,196,179,152
4263080,#cfcab2,207,202,178
4263083,#3b362f,59,54,47
4263116,#c7c8ba,199,200,186
4263126,#e7e8df,231,232,223
4263152,#d6d5c5,214,213,197
4263156,#352d2b,53,45,43
4263187,#d5cc8b,213,204,139
4263190,#c8c3af,200,195,175
4263223,#312a29,49,42,41
4263247,#6f6d61,111,109,97
4263254,#8e7e64,142,126,100
4263255,#d9d6c2,217,214,194
4263297,#cbbd59,203,189,89
4263317,#48443b,72,68,59
4263339,#b0c0b7,176,192,183
4263341,#d4ceb3,212,206,179
4263368,#39322a,57,50,42
4263387,#3d3c35,61,60,53
4263411,#c5b68e,197,182,142
4263413,#d0cfbd,208,207,189
4263415,#dbd5b9,219,213,185
4263459,#9aa09c,154,160,156
4263487,#b7aa8a,183,170,138
4263489,#d8d6d8,216,214,216
4263490,#cccbb4,204,203,180
4263527,#5f3246,95,50,70
4263557,#c6b98d,198,185,141
4263559,#908167,144,129,103
4263561,#d9d7c9,217,215,201
4263605,#437c85,67,124,133
4263629,#605a4a,96,90,74
4263630,#91774d,145,119,77
4263632,#dcd6bb,220,214,187
4263678,#31312e,49,49,46
4263705,#d0d4ca,208,212,202
4263710,#d5cdb5,213,205,181
4263713,#415246,65,82,70
4263714,#d1bfbc,209,191,188
4263774,#dadabe,218,218,190
4263775,#e2d2bc,226,210,188
4263781,#cbcbab,203,203,171
4263823,#434a47,67,74,71
4263844,#726242,114,98,66
4263845,#3b3b36,59,59,54
4263880,#dfe3cd,223,227,205
4263885,#615f55,97,95,85
4263916,#887358,136,115,88
4263917,#c7cba5,199,203,165
4263951,#d2cfb8,210,207,184
4263965,#cfcbbc,207,203,188
4263983,#d1cbb5,209,203,181
4264006,#95acc0,149,172,192
4264021,#88896b,136,137,107
4264042,#565f5b,86,95,91
4264044,#bfbcad,191,188,173
4264076,#8c6a64,140,106,100
4264094,#d3d5c6,211,213,198
4264116,#dedad2,222,218,210
4264120,#ded2b7,222,210,183
4264149,#c7b698,199,182,152
4264165,#3c6f91,60,111,145
4264187,#d5d2c6,213,210,198
4264190,#8a959a,138,149,154
4264223,#dcc439,220,196,57
4264238,#4d4a44,77,74,68
4264260,#d2d1be,210,209,190
4264261,#e5e2cf,229,226,207
4264294,#997d52,153,125,82
4264312,#534a5c,83,74,92
4264333,#e1d7bc,225,215,188
4264337,#cbcfc3,203,207,195
4264370,#868b87,134,139,135
4264383,#bfbeac,191,190,172
4264408,#ded5b4,222,213,180
4264444,#5591b7,85,145,183
4264447,#e0d9c7,224,217,199
4264478,#ccc4a7,204,196,167
4264495,#969586,150,149,134
4264515,#c0a47e,192,164,126
4264535,#41423e,65,66,62
4264542,#d7d5c0,215,213,192
4264568,#d5cdbb,213,205,187
4264585,#bfb6a2,191,182,162
4264608,#d9d8c4,217,216,196
4264609,#a69d8e,166,157,142
4264640,#dbd8ca,219,216,202
4264665,#dadac6,218,218,198
4264666,#e4e5d2,228,229,210
4264717,#d7ceba,215,206,186
4264740,#31312d,49,49,45
4264741,#cbb984,203,185,132
4264744,#464741,70,71,65
4264790,#2d6c79,45,108,121
4264811,#878a74,135,138,116
4264813,#e0decc,224,222,204
4264847,#e4e4dc,228,228,220
4264886,#9d9d87,157,157,135
4264888,#e4dcc5,228,220,197
4264920,#e4ce3e,228,206,62
4264936,#cbc7b9,203,199,185
4264961,#b88a4e,184,138,78
4264964,#872a87,135,42,135
4264972,#d5c9b1,213,201,177
4265018,#b7b4a2,183,180,162
4265019,#cecfc0,206,207,192
4265020,#c2bfab,194,191,171
4265084,#d6d6c7,214,214,199
4265137,#decca9,222,204,169
4265156,#383833,56,56,51
4265157,#5d4437,93,68,55
4265191,#bca681,188,166,129
4265230,#4b4940,75,73,64
4265237,#3d3e3a,61,62,58
4265264,#cfbfb5,207,191,181
4265288,#d8d9cc,216,217,204
4265317,#a89d86,168,157,134
4265355,#d0ccb1,208,204,177
4265374,#727871,114,120,113
4265393,#8c6f32,140,111,50
4265410,#2e312d,46,49,45
4265429,#373833,55,56,51
4265446,#acb1ad,172,177,173
4265467,#525047,82,80,71
4265482,#e3dfd0,227,223,208
4265503,#a69379,166,147,121
4265519,#c5c0b0,197,192,176
4265540,#b2a089,178,160,137
4265556,#3f7896,63,120,150
4265573,#e4c82a,228,200,42
4265591,#1585bb,21,133,187
4265615,#91817a,145,129,122
4265619,#492d23,73,45,35
4265621,#9b111a,155,17,26
4265664,#ded0bf,222,208,191
4265688,#cfcdb3,207,205,179
4265690,#c2bfac,194,191,172
4265715,#ded9c9,222,217,201
4265737,#b7c6b4,183,198,180
4265762,#cecabd,206,202,189
4265763,#d8d5c2,216,213,194
4265764,#d3d4c0,211,212,192
4265810,#aeafb8,174,175,184
4265830,#d1cfb4,209,207,180
4265853,#9b774c,155,119,76
4265854,#d7d3c4,215,211,196
4265858,#d3cbb8,211,203,184
4265902,#32423f,50,66,63
4265926,#1685bb,22,133,187
4265927,#d5cdc3,213,205,195
4265928,#d4cd93,212,205,147
4265975,#d0cbb0,208,203,176
4265993,#262626,38,38,38
4266011,#e9e9df,233,233,223
4266035,#3c3a3c,60,58,60
4266040,#35302a,53,48,42
4266043,#c8b0ab,200,176,171
4266084,#e0e2d8,224,226,216
4266105,#2a2d2b,42,45,43
4266126,#bebfaf,190,191,175
4266127,#8c99a0,140,153,160
4266144,#e3e6d9,227,230,217
4266179,#343132,52,49,50
4266200,#ccc3a3,204,195,163
4266204,#e1e3d6,225,227,214
4266205,#3d4130,61,65,48
4266249,#a64339,166,67,57
4266270,#e3c517,227,197,23
4266271,#d9dcd7,217,220,215
4266306,#c5c2bb,197,194,187
4266307,#dad6ca,218,214,202
4266343,#dbcca4,219,204,164
4266344,#b6bfbd,182,191,189
4266378,#dee0d5,222,224,213
4266395,#2c2a25,44,42,37
4266419,#bccdaf,188,205,175
4266423,#a9895e,169,137,94
4266424,#e3e3dc,227,227,220
4266468,#d8d3b4,216,211,180
4266489,#d7d3bb,215,211,187
4266505,#dedacf,222,218,207
4266523,#3b3930,59,57,48
4266545,#b6c5b7,182,197,183
4266546,#dcdad0,220,218,208
4266579,#e4deda,228,222,218
4266596,#d2d3b6,210,211,182
4266614,#715a43,113,90,67
4266632,#e3e1d8,227,225,216
4266654,#25598a,37,89,138
4266657,#c6c9b5,198,201,181
4266685,#756b6c,117,107,108
4266705,#e3e3d0,227,227,208
4266726,#14579c,20,87,156
4266730,#c4bfae,196,191,174
4266760,#e8d9a2,232,217,162
4266778,#d2d0c1,210,208,193
4266801,#aa8252,170,130,82
4266826,#3e6255,62,98,85
4266848,#d9aa3c,217,170,60
4266867,#d0c8b2,208,200,178
4266902,#46443b,70,68,59
4266925,#d0d0bc,208,208,188
4266938,#e4dcc6,228,220,198
4266992,#dad5c4,218,213,196
4266993,#4287a1,66,135,161
4267063,#ccb695,204,182,149
4267064,#aca998,172,169,152
4267127,#33312a,51,49,42
4267166,#425746,66,87,70
4267175,#dadac9,218,218,201
4267237,#8a8e9c,138,142,156
4267275,#dbd9ca,219,217,202
4267276,#b3b3a1,179,179,161
4267346,#dfddd5,223,221,213
4267360,#e1ddcc,225,221,204
4267414,#dad6c0,218,214,192
4267432,#cecab1,206,202,177
4267474,#dee0db,222,224,219
4267568,#d5dac6,213,218,198
4267631,#454036,69,64,54
4267701,#d0cfba,208,207,186
4267758,#d8d2c0,216,210,192
4267822,#c6b25e,198,178,94
4267865,#e1d4b2,225,212,178
4267964,#716d60,113,109,96
4268025,#d8d3bc,216,211,188
4268081,#d0d2c8,208,210,200
4268148,#dad4b7,218,212,183
4268218,#b8b7a3,184,183,163
4268284,#d49e12,212,158,18
4268353,#dbded3,219,222,211
4268420,#dfd7b4,223,215,180
4268468,#cbbb91,203,187,145
4268521,#d3ccaa,211,204,170
4268576,#cec6b4,206,198,180
4268642,#b09d7f,176,157,127
4268681,#d6d3c2,214,211,194
4268746,#e4e0b6,228,224,182
4268814,#dad6c3,218,214,195
4268886,#c7b98b,199,185,139
4268957,#6961a3,105,97,163
4269009,#3e6a81,62,106,129
4269081,#bcc8c7,188,200,199
4269138,#d5cfc7,213,207,199
4269209,#d4d2b9,212,210,185
4269247,#d2d4ca,210,212,202
4269266,#4a353b,74,53,59
4269326,#243b55,36,59,85
4269362,#dad2c7,218,210,199
4269416,#dcd9ca,220,217,202
4269470,#bea883,190,168,131
4269471,#dbd0cc,219,208,204
4269524,#d0d0c5,208,208,197
4269580,#ccbea0,204,190,160
4269611,#cfba81,207,186,129
4269664,#dad7be,218,215,190
4269717,#8c928d,140,146,141
4269758,#d6c991,214,201,145
4269813,#d4ccb7,212,204,183
4269867,#d4d1c9,212,209,201
4269900,#d3cdbe,211,205,190
4269917,#ccc7ad,204,199,173
4270027,#d5cac4,213,202,196
4270152,#a4acb4,164,172,180
4270279,#d0adbb,208,173,187
4270395,#b9cdba,185,205,186
4270431,#54504b,84,80,75
4270471,#3e3c3a,62,60,58
4270490,#c5bdb0,197,189,176
4270529,#ceb130,206,177,48
4270563,#cdc6b2,205,198,178
4270600,#c6c0bc,198,192,188
4270639,#d0cab9,208,202,185
4270672,#d2cec1,210,206,193
4270717,#576959,87,105,89
4270755,#bda78e,189,167,142
4270778,#e4d9cf,228,217,207
4271240,#c0c9d5,192,201,213
4287,#dad3bb,218,211,187
4299,#d8d1c8,216,209,200
4329,#d4c9c9,212,201,201
4332684,#4a443d,74,68,61
4332748,#9e865f,158,134,95
4339340,#d68a41,214,138,65
4339507,#dfd8c6,223,216,198
4340203,#583e45,88,62,69
4341371,#4c588b,76,88,139
4341786,#292722,41,39,34
4342293,#dfd6c8,223,214,200
4342832,#625640,98,86,64
4345710,#44433c,68,67,60
4346372,#d5d7cb,213,215,203
4346469,#52534d,82,83,77
4347595,#d2ccac,210,204,172
4348095,#b7a57d,183,165,125
4352332,#c3aa95,195,170,149
4354265,#d9d6c1,217,214,193
4356,#e9deba,233,222,186
4356140,#d2cfc6,210,207,198
4356491,#214772,33,71,114
4360786,#c7c1a2,199,193,162
4367328,#cecfb8,206,207,184
4379,#dbd1c6,219,209,198
4398,#c9b793,201,183,147
4453,#5b8478,91,132,120
4485,#dad3bb,218,211,187
4493,#44745b,68,116,91
4549,#ddd2c7,221,210,199
4607,#dad1cb,218,209,203
4673,#dbd0c7,219,208,199
477119,#a3a0a0,163,160,160
558,#dcd4ca,220,212,202
581,#d9d2b9,217,210,185
598702,#c19e87,193,158,135
598754,#a98871,169,136,113
598804,#555b4e,85,91,78
598857,#10130f,16,19,15
598936,#f5d2b1,245,210,177
598986,#d6a983,214,169,131
599026,#fae3c0,250,227,192
599097,#f4f0d8,244,240,216
599155,#f1d1ae,241,209,174
599204,#ceab8a,206,171,138
599269,#c3a58b,195,165,139
599337,#cca17f,204,161,127
599388,#d7b08e,215,176,142
599440,#080807,8,8,7
599504,#e0bea2,224,190,162
599555,#a5866f,165,134,111
599612,#f3cca8,243,204,168
599693,#ccab8c,204,171,140
607,#d6cec7,214,206,199
6796,#253a30,37,58,48
682,#dcd5bd,220,213,189
6839,#894731,137,71,49
6882,#393d31,57,61,49
6900,#285f66,40,95,102
6928,#9e9cb9,158,156,185
6930,#32544f,50,84,79
6944,#2b2628,43,38,40
7025,#1d453f,29,69,63
7039,#473f36,71,63,54
7050,#102a28,16,42,40
713,#d6ccc2,214,204,194
7157,#7d523a,125,82,58
742414,#6c5b4c,108,91,76
742466,#85836f,133,131,111
742517,#847957,132,121,87
742536,#78786f,120,120,111
742584,#807f6a,128,127,106
742652,#1f1e20,31,30,32
742684,#18161b,24,22,27
742726,#7a7b69,122,123,105
742769,#626b65,98,107,101
742820,#8e8f7c,142,143,124
742872,#f6d9b7,246,217,183
742922,#edd6ba,237,214,186
742961,#e0b28f,224,178,143
743005,#e5b897,229,184,151
743055,#7b7d6a,123,125,106
743122,#7c6b50,124,107,80
743139,#ad8e72,173,142,114
743185,#b2986f,178,152,111
743226,#9fa194,159,161,148
743288,#938f75,147,143,117
743307,#5a5e51,90,94,81
743355,#736b53,115,107,83
743385,#c9a07c,201,160,124
743438,#958c7b,149,140,123
743506,#c99a82,201,154,130
743540,#645a46,100,90,70
743589,#f2f2cc,242,242,204
743608,#29292d,41,41,45
743655,#949089,148,144,137
743695,#756f61,117,111,97
743736,#f1e3c4,241,227,196
792934,#c3c8c9,195,200,201
793012,#c7cbc8,199,203,200
793080,#383423,56,52,35
816,#e3d7b5,227,215,181
834,#dbd3cb,219,211,203
846268,#ecd0a7,236,208,167
846352,#d5b498,213,180,152
846546,#b89375,184,147,117
846674,#dcbda0,220,189,160
846775,#e4c1a0,228,193,160
846890,#f7f4d4,247,244,212
846982,#ebd5b4,235,213,180
847070,#c9a386,201,163,134
847090,#dbbb9e,219,187,158
847187,#e7c9ab,231,201,171
847342,#c1997c,193,153,124
847442,#75543f,117,84,63
847547,#b89679,184,150,121
847666,#deba9a,222,186,154
902,#eadebb,234,222,187
918,#382e3b,56,46,59
929,#d6cec6,214,206,198
984794,#e5dfdb,229,223,219
